victim_id,age_group,gender,case_type,days_since_complaint,case_stage,number_of_hearings,case_delay_indicator,recent_threat_count,threat_score,sleep_score,stress_score,anxiety_score,fear_score,safety_score,social_support_score,functioning_score,case_related_distress,sentiment_score,fear_nlp_score,anxiety_nlp_score,sadness_nlp_score,anger_nlp_score,engagement_change,previous_distress_score,current_structured_distress,distress_change,distress_trend,case_risk_score,final_distress_score,risk_level,escalation_within_7_days
VIC-001,18-25,Female,Sexual Violence,124,Court/Trial,2,0.81,0,25.5,61.6,44.5,52.9,46.0,28.1,34.7,39.9,46.3,-0.46,0.56,0.47,0.51,0.52,0.31,29.5,50.6,21.1,Rapidly Increasing,50.9,43.0,MODERATE,0
VIC-002,50+,Non-binary/Other,Sexual Violence,120,Court/Trial,12,0.67,2,60.9,22.9,43.5,37.4,40.4,60.9,56.5,44.8,29.9,-0.28,0.41,0.35,0.38,0.3,-0.45,38.6,40.6,2.0,Stable,78.2,40.9,CRITICAL,0
VIC-003,26-35,Non-binary/Other,SC/ST Atrocity,61,Court/Trial,6,0.32,1,47.0,39.2,41.8,37.8,40.4,55.9,47.9,45.3,36.0,-0.33,0.38,0.4,0.5,0.4,0.18,42.3,42.2,-0.1,Stable,47.8,37.5,MODERATE,0
VIC-004,18-25,Male,SC/ST Atrocity,215,Compensation,4,1.0,0,19.7,23.5,28.5,15.9,21.7,76.6,71.1,12.9,13.3,-0.09,0.23,0.25,0.18,0.2,0.5,13.8,21.1,7.3,Increasing,47.3,22.0,LOW,0
VIC-005,26-35,Prefer not to say,SC/ST Atrocity,66,Investigation,2,0.45,0,18.8,22.7,15.1,23.0,34.8,64.7,74.6,33.6,13.7,-0.13,0.29,0.24,0.17,0.24,-0.07,10.0,25.7,15.7,Rapidly Increasing,26.3,23.1,LOW,0
VIC-006,50+,Female,Sexual Violence,101,Rehabilitation,8,0.73,2,68.3,14.1,23.7,22.9,11.8,76.4,72.0,26.1,18.3,-0.29,0.15,0.08,0.25,0.23,-0.19,29.9,25.5,-4.4,Stable,75.4,30.5,CRITICAL,0
VIC-007,18-25,Male,Land/Property Grab,53,Investigation,11,0.34,1,43.0,63.4,67.0,51.0,60.7,30.9,24.1,66.2,56.3,-0.65,0.62,0.62,0.48,0.47,0.15,74.2,61.0,-13.2,Improving,54.0,49.3,MODERATE,0
VIC-008,50+,Prefer not to say,SC/ST Atrocity,125,Court/Trial,1,0.7,1,43.4,26.5,28.2,24.5,37.2,48.0,63.5,42.2,24.1,-0.37,0.38,0.27,0.23,0.38,-0.03,33.6,35.5,1.9,Stable,59.5,33.8,MODERATE,0
VIC-009,50+,Prefer not to say,Domestic Violence,59,Investigation,10,0.36,0,16.1,32.8,41.3,39.9,44.7,44.4,53.0,29.6,40.3,-0.38,0.29,0.32,0.3,0.25,0.42,21.1,39.4,18.3,Rapidly Increasing,26.1,29.5,LOW,0
VIC-010,50+,Female,SC/ST Atrocity,17,Rehabilitation,1,0.27,2,76.2,37.2,47.9,41.1,46.4,30.7,39.2,57.7,41.0,-0.35,0.48,0.44,0.52,0.5,0.22,45.3,52.9,7.6,Increasing,66.9,49.8,CRITICAL,0
VIC-011,26-35,Male,Sexual Violence,39,Court/Trial,9,0.34,2,57.0,17.3,11.9,22.5,30.2,67.6,59.3,22.1,27.7,-0.3,0.13,0.28,0.17,0.27,0.08,22.2,27.6,5.4,Increasing,60.9,30.5,CRITICAL,0
VIC-012,18-25,Female,Witness Intimidation,299,Rehabilitation,8,1.0,1,41.8,48.0,41.7,40.4,39.0,47.3,42.8,54.5,52.5,-0.56,0.49,0.45,0.33,0.39,-0.37,41.5,46.0,4.5,Increasing,75.5,42.7,MODERATE,0
VIC-013,36-50,Female,Domestic Violence,155,Compensation,2,0.89,1,43.0,29.1,48.1,43.7,36.1,58.1,55.6,44.9,25.6,-0.19,0.31,0.41,0.36,0.23,-0.29,22.8,40.7,17.9,Rapidly Increasing,67.4,38.9,MODERATE,0
VIC-014,36-50,Male,Sexual Violence,260,Rehabilitation,4,1.0,0,23.2,25.8,36.2,32.5,27.7,58.7,55.1,30.0,40.4,-0.31,0.36,0.26,0.25,0.39,0.05,49.6,32.8,-16.8,Improving,52.6,29.1,LOW,0
VIC-015,36-50,Male,Witness Intimidation,31,Court/Trial,4,0.18,2,77.2,56.5,35.9,43.8,51.2,46.8,39.6,46.2,52.4,-0.28,0.53,0.53,0.37,0.33,-0.32,54.2,51.2,-3.0,Stable,63.0,49.0,CRITICAL,0
VIC-016,50+,Female,Domestic Violence,220,Compensation,12,1.0,2,75.4,42.3,43.0,56.5,49.5,27.0,37.5,41.1,57.4,-0.51,0.58,0.56,0.41,0.46,-0.22,42.0,55.2,13.2,Rapidly Increasing,97.3,56.3,CRITICAL,1
VIC-017,18-25,Non-binary/Other,Sexual Violence,214,Rehabilitation,10,1.0,0,13.8,31.8,12.4,33.8,14.2,79.5,64.6,11.1,18.2,-0.09,0.17,0.22,0.19,0.15,-0.25,21.4,20.5,-0.9,Stable,46.9,19.2,LOW,0
VIC-018,50+,Female,Land/Property Grab,361,Rehabilitation,11,1.0,4,100.0,42.7,51.5,64.4,62.1,39.9,39.6,40.9,58.7,-0.48,0.57,0.47,0.52,0.46,0.16,35.4,60.0,24.6,Rapidly Increasing,100.0,62.7,CRITICAL,1
VIC-019,50+,Male,Land/Property Grab,164,Rehabilitation,6,0.98,1,38.1,39.0,45.2,49.0,50.2,42.1,41.7,37.2,44.0,-0.3,0.53,0.38,0.34,0.4,-0.16,47.2,46.9,-0.3,Stable,74.9,41.7,MODERATE,0
VIC-020,26-35,Non-binary/Other,Domestic Violence,85,Court/Trial,0,0.39,0,15.3,7.2,11.2,3.4,9.8,87.4,92.3,1.5,0.0,-0.08,0.06,0.1,0.09,0.09,-0.28,13.0,8.3,-4.7,Stable,16.3,8.3,LOW,0
VIC-021,50+,Female,Land/Property Grab,72,Court/Trial,7,0.34,3,91.9,34.9,37.6,31.5,40.7,52.5,60.7,43.9,32.1,-0.18,0.34,0.27,0.39,0.29,0.34,41.7,44.2,2.5,Stable,85.5,46.6,CRITICAL,0
VIC-022,36-50,Prefer not to say,Domestic Violence,235,Compensation,1,1.0,0,6.4,7.7,22.2,1.9,3.5,74.7,72.6,4.6,8.2,-0.11,0.1,0.01,0.16,0.06,0.45,20.1,11.6,-8.5,Improving,43.5,11.4,LOW,0
VIC-023,18-25,Prefer not to say,Witness Intimidation,190,Investigation,4,1.0,0,21.9,42.9,31.3,39.5,33.6,59.2,51.7,24.5,29.6,-0.42,0.29,0.34,0.27,0.21,-0.37,27.7,34.6,6.9,Increasing,50.9,29.7,LOW,0
VIC-024,18-25,Prefer not to say,Land/Property Grab,349,Rehabilitation,0,1.0,3,100.0,70.9,57.5,59.5,63.2,23.4,20.1,71.3,58.5,-0.48,0.65,0.7,0.59,0.61,0.45,41.4,69.7,28.3,Rapidly Increasing,100.0,70.3,CRITICAL,1
VIC-025,26-35,Female,SC/ST Atrocity,136,Investigation,3,0.91,2,82.0,68.5,78.9,69.9,90.6,9.5,3.5,71.8,79.2,-0.63,0.86,0.83,0.66,0.64,0.43,75.7,80.5,4.8,Increasing,100.0,72.8,CRITICAL,1
VIC-026,50+,Prefer not to say,Domestic Violence,313,Investigation,11,1.0,1,44.1,56.9,50.1,59.7,61.8,42.3,35.6,40.5,53.3,-0.46,0.47,0.56,0.4,0.45,-0.07,49.1,54.4,5.3,Increasing,78.6,48.1,MODERATE,0
VIC-027,36-50,Prefer not to say,Domestic Violence,100,Protection,11,0.61,1,54.0,66.8,78.3,74.7,68.4,30.4,22.7,59.5,60.2,-0.51,0.65,0.64,0.66,0.59,-0.16,68.2,68.6,0.4,Stable,67.4,56.3,HIGH,1
VIC-028,50+,Non-binary/Other,Domestic Violence,118,Protection,5,0.79,1,38.4,38.7,35.9,25.3,20.2,70.4,51.7,34.7,28.1,-0.17,0.34,0.31,0.26,0.31,-0.28,10.4,31.6,21.2,Rapidly Increasing,61.6,33.7,MODERATE,0
VIC-029,26-35,Non-binary/Other,Land/Property Grab,252,Compensation,8,1.0,1,43.3,46.7,38.7,48.0,38.2,40.9,39.6,32.8,32.8,-0.37,0.48,0.34,0.32,0.35,0.48,47.0,44.5,-2.5,Stable,74.3,40.4,MODERATE,0
VIC-030,36-50,Female,Domestic Violence,126,Compensation,5,0.65,2,71.1,70.2,67.9,85.4,76.3,21.4,7.3,78.6,70.9,-0.59,0.77,0.7,0.66,0.56,0.44,48.9,76.4,27.5,Rapidly Increasing,91.1,69.2,CRITICAL,1
VIC-031,50+,Female,SC/ST Atrocity,261,Protection,1,1.0,3,100.0,49.5,69.5,72.9,54.4,22.0,28.5,56.1,61.1,-0.54,0.68,0.57,0.64,0.48,-0.07,59.3,68.4,9.1,Increasing,100.0,66.4,CRITICAL,1
VIC-032,18-25,Female,Domestic Violence,145,Court/Trial,10,0.73,1,33.4,19.3,10.4,16.7,21.2,70.3,63.2,12.7,12.1,-0.02,0.09,0.11,0.11,0.2,0.3,19.1,20.7,1.6,Stable,55.0,21.4,LOW,0
VIC-033,26-35,Prefer not to say,SC/ST Atrocity,125,Rehabilitation,10,0.64,0,12.7,21.6,21.3,39.6,33.4,65.8,66.9,29.0,29.1,-0.32,0.3,0.25,0.29,0.25,0.39,31.9,28.7,-3.2,Stable,36.1,23.2,LOW,0
VIC-034,36-50,Non-binary/Other,SC/ST Atrocity,127,Investigation,10,0.86,3,100.0,69.1,73.7,65.5,57.6,17.3,32.9,57.0,61.8,-0.45,0.56,0.6,0.58,0.52,-0.15,38.9,71.0,32.1,Rapidly Increasing,100.0,69.3,CRITICAL,1
VIC-035,36-50,Non-binary/Other,SC/ST Atrocity,178,Court/Trial,6,1.0,0,8.8,27.8,25.4,18.8,15.1,67.8,70.5,28.5,13.2,-0.11,0.26,0.18,0.15,0.12,-0.14,10.0,22.4,12.4,Rapidly Increasing,45.3,20.3,LOW,0
VIC-036,50+,Prefer not to say,SC/ST Atrocity,146,Court/Trial,8,0.75,3,87.7,38.8,30.6,19.2,32.7,66.5,64.1,24.6,18.7,-0.28,0.25,0.35,0.19,0.34,-0.35,32.7,35.2,2.5,Stable,100.0,43.6,CRITICAL,0
VIC-037,36-50,Non-binary/Other,Witness Intimidation,251,Protection,3,1.0,1,44.1,49.1,62.7,66.4,53.8,19.0,34.4,65.7,54.5,-0.47,0.56,0.48,0.59,0.58,0.16,57.5,61.5,4.0,Increasing,80.4,51.2,HIGH,0
VIC-038,26-35,Prefer not to say,Land/Property Grab,186,Protection,5,1.0,2,69.7,38.3,37.3,34.0,45.5,50.0,43.1,46.3,30.1,-0.29,0.46,0.45,0.35,0.38,0.48,49.8,44.8,-5.0,Stable,93.9,47.0,CRITICAL,0
VIC-039,50+,Female,Domestic Violence,312,Rehabilitation,5,1.0,2,79.7,54.2,59.7,57.9,64.3,28.7,33.3,47.0,55.9,-0.41,0.57,0.6,0.56,0.57,0.36,67.3,62.2,-5.1,Improving,99.9,59.1,CRITICAL,1
VIC-040,50+,Non-binary/Other,Witness Intimidation,28,Rehabilitation,9,0.08,2,72.0,53.0,57.5,51.2,43.7,34.9,47.7,51.8,41.4,-0.34,0.53,0.33,0.46,0.33,-0.35,35.0,55.0,20.0,Rapidly Increasing,58.2,49.7,CRITICAL,1
VIC-041,50+,Male,Domestic Violence,50,Court/Trial,9,0.44,1,48.1,40.1,59.6,40.4,48.8,34.5,35.5,34.3,52.9,-0.33,0.53,0.4,0.43,0.38,0.14,47.6,50.3,2.7,Stable,54.1,43.0,MODERATE,0
VIC-042,50+,Non-binary/Other,Witness Intimidation,111,Compensation,6,0.77,2,69.2,56.0,59.0,57.4,67.5,15.6,33.1,56.3,50.1,-0.48,0.69,0.69,0.65,0.58,0.4,69.8,64.2,-5.6,Improving,92.0,59.5,CRITICAL,1
VIC-043,26-35,Non-binary/Other,Domestic Violence,327,Court/Trial,4,1.0,1,41.9,26.0,31.7,26.4,30.0,70.5,64.3,20.5,22.3,-0.1,0.14,0.17,0.24,0.12,0.04,10.0,29.4,19.4,Rapidly Increasing,67.3,30.4,MODERATE,0
VIC-044,36-50,Non-binary/Other,Domestic Violence,256,Compensation,12,1.0,1,45.9,35.1,28.2,18.4,33.2,54.1,65.4,31.8,24.5,-0.13,0.29,0.18,0.23,0.19,-0.13,10.0,33.1,23.1,Rapidly Increasing,69.4,34.8,MODERATE,0
VIC-045,36-50,Prefer not to say,Sexual Violence,355,Investigation,3,1.0,0,11.4,20.5,5.5,12.6,10.7,83.6,81.5,14.4,10.3,-0.14,0.0,0.0,0.17,0.0,0.04,10.0,12.9,2.9,Stable,42.6,11.7,LOW,0
VIC-046,50+,Prefer not to say,Sexual Violence,224,Rehabilitation,9,1.0,0,6.1,12.3,5.2,15.0,11.6,86.1,67.2,11.2,11.6,0.05,0.21,0.05,0.16,0.12,-0.14,31.1,12.0,-19.1,Improving,44.5,13.0,LOW,0
VIC-047,50+,Non-binary/Other,Domestic Violence,242,Investigation,1,1.0,4,100.0,60.6,49.7,68.8,57.5,19.0,28.7,47.4,64.5,-0.66,0.57,0.67,0.52,0.45,-0.5,71.7,66.1,-5.6,Improving,100.0,64.4,CRITICAL,1
VIC-048,26-35,Male,Land/Property Grab,99,Compensation,1,0.65,0,16.4,41.6,64.2,50.4,54.1,24.9,23.4,59.8,54.9,-0.45,0.57,0.6,0.51,0.4,0.45,51.4,54.9,3.5,Increasing,45.2,41.8,MODERATE,0
VIC-049,18-25,Non-binary/Other,Witness Intimidation,41,Investigation,7,0.38,1,42.5,28.3,45.6,38.9,48.0,45.2,42.9,28.7,40.3,-0.32,0.44,0.35,0.38,0.29,-0.07,35.8,42.9,7.1,Increasing,48.5,37.5,MODERATE,0
VIC-050,18-25,Male,Witness Intimidation,126,Protection,6,0.7,1,49.9,58.3,53.9,62.2,68.5,22.8,17.9,71.0,52.9,-0.5,0.57,0.53,0.63,0.61,0.09,60.2,63.9,3.7,Increasing,69.7,52.8,HIGH,0
VIC-051,36-50,Female,Witness Intimidation,350,Compensation,12,1.0,2,86.5,64.2,74.7,75.3,74.2,10.2,1.0,75.0,84.5,-0.82,0.83,0.7,0.69,0.63,0.06,70.1,78.8,8.7,Increasing,100.0,72.2,CRITICAL,1
VIC-052,18-25,Non-binary/Other,SC/ST Atrocity,149,Court/Trial,11,0.96,1,50.0,34.6,32.6,31.7,43.5,38.6,54.5,50.2,29.9,-0.34,0.38,0.37,0.29,0.3,0.44,28.8,42.6,13.8,Rapidly Increasing,71.8,41.4,MODERATE,0
VIC-053,18-25,Female,Domestic Violence,326,Court/Trial,0,1.0,0,11.6,30.7,27.8,26.7,22.6,68.3,55.2,24.9,21.3,-0.17,0.27,0.29,0.15,0.21,-0.49,28.1,26.3,-1.8,Stable,49.0,23.1,LOW,0
VIC-054,36-50,Male,Domestic Violence,158,Compensation,5,0.81,1,43.1,34.9,29.5,39.6,33.0,52.7,55.0,33.0,34.2,-0.26,0.37,0.35,0.26,0.28,-0.1,31.3,37.5,6.2,Increasing,65.2,36.5,MODERATE,0
VIC-055,50+,Non-binary/Other,SC/ST Atrocity,20,Protection,5,0.06,4,100.0,40.9,49.1,40.9,43.0,35.8,44.4,39.4,33.4,-0.28,0.49,0.36,0.45,0.28,0.03,44.7,52.1,7.4,Increasing,97.2,55.1,CRITICAL,1
VIC-056,26-35,Non-binary/Other,Sexual Violence,130,Court/Trial,1,0.67,2,66.7,49.0,55.6,53.0,42.9,47.7,40.5,52.8,51.8,-0.46,0.58,0.48,0.47,0.44,0.13,58.5,53.0,-5.5,Improving,83.3,50.3,CRITICAL,0
VIC-057,26-35,Prefer not to say,SC/ST Atrocity,236,Protection,10,1.0,0,10.8,12.9,25.5,20.6,23.2,53.6,72.5,13.4,30.1,-0.08,0.26,0.23,0.21,0.21,0.4,33.1,23.9,-9.2,Improving,48.0,21.1,LOW,0
VIC-058,50+,Male,Sexual Violence,253,Rehabilitation,8,1.0,2,64.5,36.0,58.6,44.8,53.2,41.4,34.6,39.6,44.9,-0.46,0.49,0.39,0.41,0.36,-0.16,39.8,51.8,12.0,Rapidly Increasing,96.3,50.9,CRITICAL,1
VIC-059,18-25,Non-binary/Other,SC/ST Atrocity,58,Compensation,8,0.43,2,66.5,47.2,48.0,54.2,51.5,41.8,47.7,32.6,38.5,-0.25,0.48,0.39,0.41,0.45,-0.12,31.5,51.0,19.5,Rapidly Increasing,71.9,48.8,CRITICAL,1
VIC-060,36-50,Male,Land/Property Grab,340,Investigation,10,1.0,2,62.6,21.9,18.8,19.7,34.7,62.9,58.8,16.3,15.8,-0.1,0.18,0.3,0.3,0.29,-0.16,10.0,29.5,19.5,Rapidly Increasing,88.6,37.4,CRITICAL,0
VIC-061,26-35,Prefer not to say,Domestic Violence,102,Court/Trial,11,0.7,1,43.1,13.1,21.1,20.5,24.9,60.8,67.5,16.1,25.2,-0.18,0.22,0.16,0.25,0.17,-0.13,32.4,26.0,-6.4,Improving,55.1,26.3,LOW,0
VIC-062,50+,Prefer not to say,Sexual Violence,267,Protection,8,1.0,0,9.8,18.4,30.0,36.7,17.4,62.1,61.0,36.8,29.1,-0.21,0.19,0.17,0.17,0.21,0.33,24.0,28.2,4.2,Increasing,48.8,22.4,LOW,0
VIC-063,18-25,Male,Witness Intimidation,23,Compensation,6,0.04,1,44.3,33.6,54.9,39.4,33.0,58.2,54.4,43.9,45.9,-0.48,0.38,0.47,0.42,0.28,-0.05,45.9,42.1,-3.8,Stable,35.7,36.0,MODERATE,0
VIC-064,18-25,Female,SC/ST Atrocity,120,Compensation,2,0.73,2,69.6,31.0,22.3,26.8,27.3,46.6,57.1,37.7,28.7,-0.38,0.39,0.31,0.18,0.26,-0.36,17.5,36.9,19.4,Rapidly Increasing,79.6,42.4,CRITICAL,0
VIC-065,50+,Female,Land/Property Grab,133,Compensation,9,0.76,1,43.7,20.0,44.0,21.3,31.9,58.1,68.4,31.7,27.4,-0.27,0.34,0.39,0.23,0.16,-0.16,39.4,33.4,-6.0,Improving,60.9,33.3,MODERATE,0
VIC-066,18-25,Non-binary/Other,Domestic Violence,190,Investigation,8,1.0,1,52.8,69.0,69.0,76.4,65.1,17.7,17.2,66.1,70.7,-0.74,0.6,0.68,0.66,0.51,-0.1,50.6,70.4,19.8,Rapidly Increasing,81.8,60.0,HIGH,1
VIC-067,50+,Non-binary/Other,SC/ST Atrocity,156,Court/Trial,5,1.0,1,34.5,34.6,26.8,39.9,30.4,55.1,57.1,42.1,26.7,-0.36,0.36,0.27,0.34,0.22,-0.08,11.5,35.9,24.4,Rapidly Increasing,70.6,36.0,MODERATE,0
VIC-068,50+,Male,Land/Property Grab,174,Compensation,1,0.89,4,100.0,53.4,64.3,59.9,66.5,24.6,18.1,67.5,56.3,-0.43,0.58,0.69,0.65,0.44,-0.14,61.2,68.9,7.7,Increasing,100.0,66.5,CRITICAL,1
VIC-069,26-35,Female,Domestic Violence,357,Rehabilitation,12,1.0,0,9.6,20.7,32.5,25.4,36.9,49.5,55.2,26.0,23.8,-0.25,0.19,0.19,0.22,0.2,0.46,15.9,30.9,15.0,Rapidly Increasing,49.3,24.9,LOW,0
VIC-070,18-25,Male,Witness Intimidation,208,Rehabilitation,8,1.0,0,22.9,43.8,33.8,43.8,44.6,61.5,43.3,29.6,29.9,-0.46,0.45,0.48,0.42,0.43,0.17,55.7,38.1,-17.6,Improving,53.6,33.6,MODERATE,0
VIC-071,18-25,Non-binary/Other,Sexual Violence,336,Court/Trial,2,1.0,3,87.5,8.7,11.7,10.1,23.5,59.0,73.4,14.9,22.7,-0.11,0.2,0.08,0.12,0.25,0.03,24.4,26.5,2.1,Stable,100.0,36.7,CRITICAL,0
VIC-072,50+,Female,Domestic Violence,338,Compensation,1,1.0,1,37.5,5.9,19.7,17.2,11.0,71.8,91.1,8.1,15.9,-0.17,0.01,0.01,0.01,0.03,-0.15,15.6,17.8,2.2,Stable,62.7,19.4,LOW,0
VIC-073,36-50,Female,Sexual Violence,335,Court/Trial,8,1.0,2,72.8,48.3,37.9,51.6,50.1,43.9,35.2,48.5,53.6,-0.48,0.57,0.36,0.5,0.32,0.27,60.8,52.2,-8.6,Improving,96.1,51.1,CRITICAL,0
VIC-074,36-50,Male,Land/Property Grab,326,Protection,10,1.0,0,26.9,47.1,52.2,43.7,43.7,49.0,39.3,44.8,49.9,-0.54,0.47,0.45,0.4,0.34,-0.18,57.9,46.0,-11.9,Improving,56.3,38.1,MODERATE,0
VIC-075,36-50,Prefer not to say,Domestic Violence,273,Compensation,8,1.0,2,62.3,20.7,30.6,22.9,22.1,69.3,66.2,28.1,38.6,-0.14,0.37,0.38,0.32,0.2,0.5,14.0,30.7,16.7,Rapidly Increasing,90.4,40.2,CRITICAL,0
VIC-076,50+,Prefer not to say,Sexual Violence,21,Protection,1,0.3,2,69.6,52.7,36.4,39.8,34.4,46.4,54.3,44.9,40.4,-0.37,0.5,0.4,0.46,0.41,-0.13,49.1,45.7,-3.4,Stable,66.5,44.7,CRITICAL,0
VIC-077,50+,Female,Land/Property Grab,109,Rehabilitation,5,0.67,2,70.9,66.1,76.5,64.4,81.2,24.6,11.0,77.8,65.3,-0.58,0.68,0.76,0.69,0.53,0.0,63.8,73.8,10.0,Increasing,90.6,65.5,CRITICAL,1
VIC-078,18-25,Female,Domestic Violence,252,Compensation,8,1.0,2,67.8,30.8,27.9,35.0,24.7,70.1,63.3,25.4,26.4,-0.17,0.32,0.34,0.24,0.33,0.17,22.7,33.2,10.5,Rapidly Increasing,90.5,40.5,CRITICAL,0
VIC-079,50+,Non-binary/Other,SC/ST Atrocity,252,Rehabilitation,4,1.0,3,100.0,68.0,66.7,70.3,67.6,17.0,26.7,64.1,69.1,-0.71,0.7,0.53,0.68,0.47,-0.19,39.3,73.5,34.2,Rapidly Increasing,100.0,71.4,CRITICAL,1
VIC-080,26-35,Prefer not to say,Domestic Violence,266,Protection,12,1.0,4,100.0,77.3,78.4,77.9,74.8,18.8,25.6,68.1,67.8,-0.56,0.74,0.71,0.67,0.66,0.18,80.8,78.5,-2.3,Stable,100.0,71.6,CRITICAL,1
VIC-081,36-50,Prefer not to say,Domestic Violence,152,Court/Trial,8,0.83,4,100.0,89.5,88.9,87.2,88.1,7.6,5.3,78.9,88.3,-0.73,0.8,0.81,0.76,0.78,-0.15,70.7,89.5,18.8,Rapidly Increasing,100.0,80.0,CRITICAL,1
VIC-082,26-35,Non-binary/Other,SC/ST Atrocity,50,Compensation,5,0.45,3,100.0,66.5,56.8,72.2,60.5,27.6,20.3,50.6,66.3,-0.68,0.56,0.7,0.52,0.49,-0.17,41.9,68.3,26.4,Rapidly Increasing,99.7,68.7,CRITICAL,1
VIC-083,50+,Female,Domestic Violence,291,Investigation,2,1.0,1,57.6,71.5,65.1,58.2,76.2,19.8,26.0,72.2,55.0,-0.6,0.68,0.68,0.68,0.64,0.38,46.5,68.5,22.0,Rapidly Increasing,82.3,61.1,HIGH,1
VIC-084,26-35,Female,Witness Intimidation,105,Protection,11,0.77,0,23.3,41.9,22.1,36.1,25.9,67.7,52.0,44.7,32.7,-0.29,0.42,0.39,0.29,0.22,-0.34,14.5,32.5,18.0,Rapidly Increasing,42.0,31.1,MODERATE,0
VIC-085,50+,Non-binary/Other,Domestic Violence,182,Investigation,12,1.0,0,18.1,20.3,32.4,33.1,26.8,58.6,57.9,25.5,19.0,-0.09,0.28,0.36,0.16,0.22,-0.23,23.4,29.5,6.1,Increasing,49.6,26.7,LOW,0
VIC-086,36-50,Non-binary/Other,Land/Property Grab,15,Rehabilitation,4,0.18,1,54.2,51.9,57.0,61.8,66.0,23.5,30.0,67.9,60.3,-0.74,0.76,0.6,0.63,0.51,-0.35,45.7,63.1,17.4,Rapidly Increasing,49.8,55.0,HIGH,1
VIC-087,36-50,Prefer not to say,Land/Property Grab,285,Protection,12,1.0,1,49.4,63.7,80.6,83.5,67.6,14.5,18.2,59.4,73.0,-0.84,0.77,0.72,0.69,0.56,0.02,60.6,72.6,12.0,Rapidly Increasing,85.3,62.4,HIGH,1
VIC-088,18-25,Male,Land/Property Grab,56,Protection,8,0.34,1,46.2,58.5,69.6,73.3,74.5,22.6,12.9,55.7,64.3,-0.83,0.68,0.61,0.64,0.65,-0.44,66.8,67.8,1.0,Stable,58.0,54.4,HIGH,0
VIC-089,18-25,Prefer not to say,SC/ST Atrocity,219,Compensation,2,1.0,1,61.0,93.0,89.6,84.0,98.3,1.1,9.0,91.2,81.0,-0.78,0.92,0.84,0.82,0.71,0.04,65.7,88.7,23.0,Rapidly Increasing,89.5,74.9,HIGH,1
VIC-090,26-35,Male,SC/ST Atrocity,162,Investigation,7,1.0,3,93.2,35.3,44.6,30.2,32.9,47.9,62.7,40.1,26.3,-0.22,0.34,0.39,0.4,0.2,-0.4,20.2,44.0,23.8,Rapidly Increasing,100.0,51.7,CRITICAL,1
VIC-091,18-25,Prefer not to say,Land/Property Grab,135,Investigation,11,0.66,1,39.5,28.9,35.9,36.4,21.4,72.8,56.1,38.3,28.5,-0.21,0.34,0.33,0.2,0.31,0.02,44.8,32.4,-12.4,Improving,55.9,31.1,MODERATE,0
VIC-092,50+,Non-binary/Other,Sexual Violence,295,Investigation,9,1.0,3,100.0,50.7,48.5,50.2,60.1,50.7,42.8,54.7,44.2,-0.48,0.44,0.45,0.5,0.42,-0.2,59.0,56.8,-2.2,Stable,100.0,57.2,CRITICAL,1
VIC-093,26-35,Prefer not to say,SC/ST Atrocity,221,Rehabilitation,6,1.0,0,13.9,34.0,35.4,46.5,51.1,55.9,39.2,46.1,34.1,-0.45,0.46,0.42,0.45,0.29,0.22,48.4,40.7,-7.7,Improving,54.2,33.1,MODERATE,0
VIC-094,26-35,Prefer not to say,Domestic Violence,165,Compensation,0,0.88,0,17.0,53.7,56.7,56.8,59.1,44.4,43.3,45.1,42.8,-0.51,0.46,0.47,0.48,0.39,0.38,39.5,50.8,11.3,Rapidly Increasing,52.1,39.5,MODERATE,0
VIC-095,50+,Female,Witness Intimidation,114,Compensation,5,0.63,2,64.4,55.6,55.3,37.1,50.6,42.9,44.9,41.4,40.7,-0.53,0.51,0.42,0.45,0.5,0.26,37.5,50.9,13.4,Rapidly Increasing,81.7,49.7,CRITICAL,1
VIC-096,50+,Prefer not to say,Witness Intimidation,190,Court/Trial,2,1.0,1,44.8,31.8,51.7,54.2,50.9,48.6,55.0,29.0,45.8,-0.5,0.32,0.32,0.4,0.26,-0.28,23.2,46.3,23.1,Rapidly Increasing,73.9,42.5,MODERATE,0
VIC-097,50+,Non-binary/Other,SC/ST Atrocity,336,Rehabilitation,10,1.0,1,57.9,67.8,55.6,68.5,67.2,10.2,25.4,64.7,60.9,-0.64,0.73,0.64,0.7,0.51,0.02,78.1,68.0,-10.1,Improving,83.0,58.7,HIGH,1
VIC-098,26-35,Male,Land/Property Grab,139,Rehabilitation,5,0.75,0,8.1,6.4,7.6,11.6,17.7,73.2,85.8,18.2,10.5,0.08,0.13,0.0,0.05,0.08,-0.49,10.0,14.1,4.1,Increasing,32.6,11.8,LOW,0
VIC-099,26-35,Female,Witness Intimidation,340,Protection,12,1.0,0,19.0,28.2,27.1,27.7,10.2,82.8,78.3,18.0,10.1,0.02,0.19,0.1,0.15,0.16,0.35,10.0,20.4,10.4,Rapidly Increasing,45.2,19.7,LOW,0
VIC-100,18-25,Male,Land/Property Grab,213,Court/Trial,1,1.0,2,65.1,25.3,33.7,29.3,24.6,62.2,71.1,30.9,26.2,-0.31,0.29,0.19,0.13,0.14,0.11,10.0,33.7,23.7,Rapidly Increasing,87.9,39.4,CRITICAL,0
VIC-101,50+,Non-binary/Other,SC/ST Atrocity,240,Compensation,7,1.0,1,48.5,48.2,46.5,56.5,52.5,42.5,31.0,44.9,43.3,-0.57,0.52,0.58,0.42,0.44,-0.41,43.2,51.7,8.5,Increasing,78.3,48.6,MODERATE,1
VIC-102,36-50,Prefer not to say,Sexual Violence,62,Compensation,2,0.27,3,94.3,45.1,46.6,36.4,38.1,45.1,45.6,50.8,51.1,-0.56,0.45,0.49,0.46,0.4,-0.26,60.9,50.7,-10.2,Improving,86.3,52.7,CRITICAL,0
VIC-103,26-35,Prefer not to say,Domestic Violence,147,Court/Trial,4,0.8,2,59.3,16.9,21.0,21.6,31.2,59.9,73.3,30.8,24.1,-0.17,0.25,0.17,0.13,0.19,-0.12,36.4,30.3,-6.1,Improving,80.5,33.5,CRITICAL,0
VIC-104,36-50,Prefer not to say,Sexual Violence,343,Protection,9,1.0,2,72.4,70.1,55.0,57.8,72.8,39.3,22.4,63.8,59.8,-0.56,0.58,0.57,0.63,0.51,0.06,41.0,64.4,23.4,Rapidly Increasing,100.0,61.9,CRITICAL,1
VIC-105,26-35,Female,Witness Intimidation,234,Court/Trial,12,1.0,5,100.0,75.4,78.8,69.2,73.0,21.9,11.8,71.4,73.3,-0.59,0.64,0.79,0.64,0.59,0.42,65.2,77.6,12.4,Rapidly Increasing,100.0,72.5,CRITICAL,1
VIC-106,50+,Female,Sexual Violence,314,Rehabilitation,10,1.0,2,62.4,30.5,43.1,30.6,40.9,52.6,54.3,40.5,45.8,-0.39,0.45,0.29,0.26,0.27,0.06,44.2,42.2,-2.0,Stable,92.9,43.3,CRITICAL,0
VIC-107,26-35,Prefer not to say,Sexual Violence,247,Protection,12,1.0,1,47.6,32.8,56.4,43.5,39.8,56.5,37.8,49.8,46.1,-0.43,0.41,0.47,0.39,0.34,0.22,22.9,45.9,23.0,Rapidly Increasing,74.6,44.9,MODERATE,0
VIC-108,50+,Non-binary/Other,SC/ST Atrocity,32,Compensation,12,0.29,2,65.6,47.4,44.6,61.9,63.6,41.6,35.4,52.6,48.5,-0.52,0.54,0.58,0.51,0.4,-0.1,55.1,56.5,1.4,Stable,69.9,51.3,CRITICAL,0
VIC-109,26-35,Prefer not to say,Land/Property Grab,209,Protection,0,1.0,5,100.0,70.7,75.9,57.3,61.6,31.1,14.1,60.0,64.9,-0.72,0.77,0.66,0.65,0.6,0.09,66.3,70.2,3.9,Increasing,100.0,68.5,CRITICAL,1
VIC-110,36-50,Non-binary/Other,Witness Intimidation,98,Rehabilitation,10,0.66,1,38.7,35.0,23.6,24.8,25.7,51.2,50.3,37.0,31.7,-0.31,0.26,0.29,0.23,0.3,0.15,37.4,33.6,-3.8,Stable,57.5,31.1,MODERATE,0
VIC-111,26-35,Male,Witness Intimidation,81,Compensation,2,0.44,2,61.6,6.9,15.5,6.7,10.2,78.9,81.8,18.2,16.4,-0.07,0.16,0.23,0.15,0.06,0.26,10.0,18.4,8.4,Increasing,63.4,27.9,CRITICAL,0
VIC-112,36-50,Female,Sexual Violence,285,Court/Trial,4,1.0,2,70.5,52.2,55.5,50.1,41.4,31.5,46.4,54.2,43.7,-0.34,0.4,0.51,0.45,0.51,0.33,27.7,54.9,27.2,Rapidly Increasing,96.4,55.0,CRITICAL,1
VIC-113,26-35,Non-binary/Other,SC/ST Atrocity,144,Protection,5,0.96,0,14.2,52.9,36.8,54.1,40.6,49.6,47.4,52.8,46.0,-0.44,0.49,0.5,0.48,0.45,0.03,44.1,44.2,0.1,Stable,53.9,35.6,MODERATE,0
VIC-114,26-35,Non-binary/Other,Sexual Violence,303,Compensation,4,1.0,0,16.0,39.0,38.5,21.5,34.8,57.2,51.4,23.4,31.3,-0.19,0.22,0.21,0.23,0.2,-0.11,40.2,32.5,-7.7,Improving,49.9,25.3,LOW,0
VIC-115,26-35,Non-binary/Other,Witness Intimidation,241,Protection,1,1.0,3,100.0,54.1,68.5,62.6,78.2,18.6,29.5,60.0,55.7,-0.56,0.74,0.7,0.61,0.61,-0.44,56.1,71.3,15.2,Rapidly Increasing,100.0,70.3,CRITICAL,1
VIC-116,50+,Male,Witness Intimidation,263,Court/Trial,4,1.0,1,49.9,69.8,63.5,81.6,80.2,27.1,20.8,57.3,72.8,-0.59,0.65,0.79,0.59,0.61,-0.07,85.8,70.0,-15.8,Improving,84.8,59.5,HIGH,1
VIC-117,26-35,Non-binary/Other,Domestic Violence,57,Compensation,10,0.32,3,95.6,68.7,72.2,57.3,72.4,27.2,25.2,62.8,57.8,-0.77,0.64,0.58,0.64,0.59,-0.49,59.9,70.5,10.6,Rapidly Increasing,96.1,66.8,CRITICAL,1
VIC-118,36-50,Female,Witness Intimidation,254,Court/Trial,1,1.0,0,6.7,27.4,10.9,17.5,15.4,66.2,76.8,29.1,21.2,-0.09,0.11,0.2,0.19,0.09,-0.29,11.3,20.2,8.9,Increasing,46.5,18.3,LOW,0
VIC-119,26-35,Prefer not to say,Land/Property Grab,121,Protection,1,0.84,2,72.5,58.3,77.5,68.1,71.9,25.5,11.6,71.3,64.2,-0.65,0.78,0.65,0.74,0.52,0.38,79.1,71.6,-7.5,Improving,98.1,64.6,CRITICAL,1
VIC-120,26-35,Male,Witness Intimidation,340,Compensation,0,1.0,3,100.0,70.1,78.4,74.8,86.2,0.0,14.4,64.4,76.0,-0.84,0.81,0.86,0.73,0.7,-0.03,61.0,82.4,21.4,Rapidly Increasing,100.0,78.2,CRITICAL,1
VIC-121,18-25,Female,Land/Property Grab,17,Investigation,4,0.06,1,44.4,31.7,19.0,16.2,24.4,75.1,68.3,18.0,21.9,-0.14,0.13,0.11,0.1,0.25,-0.34,36.9,24.8,-12.1,Improving,29.1,22.3,LOW,0
VIC-122,36-50,Prefer not to say,Land/Property Grab,168,Investigation,11,0.96,2,85.9,65.0,69.5,86.5,70.0,16.9,3.4,75.7,76.5,-0.82,0.68,0.66,0.59,0.65,0.02,62.9,77.7,14.8,Rapidly Increasing,100.0,70.5,CRITICAL,1
VIC-123,36-50,Male,Sexual Violence,147,Court/Trial,11,0.98,3,100.0,56.7,80.3,66.9,65.5,22.7,17.3,57.9,69.2,-0.73,0.74,0.71,0.63,0.57,0.07,50.1,72.6,22.5,Rapidly Increasing,100.0,72.2,CRITICAL,1
VIC-124,18-25,Male,Land/Property Grab,32,Investigation,0,0.15,3,95.3,41.8,38.7,58.2,54.7,43.9,50.7,50.8,43.3,-0.48,0.46,0.49,0.38,0.31,0.0,37.2,54.6,17.4,Rapidly Increasing,81.8,56.1,CRITICAL,1
VIC-125,18-25,Male,Domestic Violence,33,Rehabilitation,6,0.1,1,48.6,50.1,67.5,54.6,60.7,18.8,24.3,57.1,52.4,-0.51,0.59,0.58,0.53,0.55,0.4,40.9,61.6,20.7,Rapidly Increasing,43.9,51.1,HIGH,1
VIC-126,26-35,Male,SC/ST Atrocity,22,Protection,3,0.18,2,79.6,71.7,58.6,66.7,77.6,16.0,22.4,62.0,62.5,-0.53,0.71,0.78,0.74,0.53,-0.46,55.5,71.4,15.9,Rapidly Increasing,71.3,65.2,CRITICAL,1
VIC-127,26-35,Prefer not to say,Sexual Violence,53,Protection,9,0.22,3,100.0,85.4,71.4,83.8,83.0,19.5,0.5,71.4,75.9,-0.7,0.88,0.84,0.71,0.66,-0.3,57.9,82.3,24.4,Rapidly Increasing,96.9,78.7,CRITICAL,1
VIC-128,18-25,Male,SC/ST Atrocity,240,Court/Trial,7,1.0,0,18.5,52.3,66.0,58.0,59.3,39.6,21.8,63.6,52.8,-0.49,0.62,0.51,0.61,0.43,0.47,61.8,56.5,-5.3,Improving,60.0,43.7,MODERATE,0
VIC-129,50+,Female,Sexual Violence,99,Compensation,0,0.74,3,100.0,74.2,78.4,67.0,71.1,20.2,3.4,61.8,80.3,-0.82,0.73,0.73,0.74,0.75,0.09,53.6,76.9,23.3,Rapidly Increasing,100.0,74.4,CRITICAL,1
VIC-130,18-25,Female,SC/ST Atrocity,340,Court/Trial,7,1.0,0,15.3,55.6,57.4,40.3,58.8,29.1,48.5,45.3,51.7,-0.45,0.48,0.46,0.42,0.5,-0.05,35.4,50.9,15.5,Rapidly Increasing,56.7,40.2,MODERATE,0
VIC-131,26-35,Female,Land/Property Grab,325,Rehabilitation,3,1.0,1,35.4,21.3,11.8,2.0,8.0,75.7,82.5,19.2,4.8,0.09,0.11,0.0,0.07,0.13,0.28,10.0,15.6,5.6,Increasing,63.5,19.8,LOW,0
VIC-132,36-50,Non-binary/Other,Witness Intimidation,102,Compensation,0,0.56,2,66.0,52.9,52.5,34.5,55.4,45.2,49.7,55.5,52.6,-0.53,0.49,0.38,0.47,0.46,0.5,22.8,52.2,29.4,Rapidly Increasing,77.6,51.1,CRITICAL,1
VIC-133,26-35,Prefer not to say,Sexual Violence,100,Court/Trial,3,0.63,0,21.3,36.7,44.0,21.8,37.0,67.5,58.3,33.4,24.9,-0.13,0.41,0.31,0.25,0.27,-0.27,12.9,32.8,19.9,Rapidly Increasing,36.2,29.7,LOW,0
VIC-134,26-35,Female,Land/Property Grab,10,Protection,5,0.23,0,6.5,4.5,19.9,25.0,19.6,71.1,67.7,15.9,20.3,0.01,0.2,0.19,0.2,0.08,-0.1,29.0,19.3,-9.7,Improving,13.4,13.4,LOW,0
VIC-135,18-25,Non-binary/Other,Sexual Violence,79,Compensation,2,0.56,2,60.8,19.5,16.5,12.3,19.4,74.7,82.6,18.9,11.5,-0.05,0.21,0.12,0.18,0.09,-0.5,10.0,22.4,12.4,Rapidly Increasing,67.5,29.4,CRITICAL,0
VIC-136,50+,Female,Domestic Violence,172,Rehabilitation,12,1.0,3,100.0,74.0,87.7,67.8,83.5,6.7,21.0,64.1,81.9,-0.86,0.83,0.77,0.78,0.64,-0.25,60.5,81.7,21.2,Rapidly Increasing,100.0,76.9,CRITICAL,1
VIC-137,18-25,Non-binary/Other,Sexual Violence,10,Investigation,0,0.07,1,51.0,62.3,63.2,53.4,51.6,37.6,28.0,50.0,58.3,-0.45,0.58,0.44,0.4,0.52,-0.18,39.8,57.4,17.6,Rapidly Increasing,40.8,47.6,MODERATE,1
VIC-138,18-25,Female,Sexual Violence,202,Court/Trial,2,1.0,1,45.6,52.0,34.4,46.9,46.8,45.0,36.1,53.1,35.3,-0.28,0.38,0.34,0.34,0.31,0.22,47.4,47.5,0.1,Stable,74.8,41.3,MODERATE,0
VIC-139,36-50,Non-binary/Other,Sexual Violence,59,Court/Trial,0,0.35,2,64.6,22.7,13.1,11.8,14.8,73.9,69.5,22.5,13.7,-0.27,0.26,0.31,0.2,0.11,-0.03,31.8,23.1,-8.7,Improving,61.7,30.8,CRITICAL,0
VIC-140,36-50,Female,Land/Property Grab,104,Protection,5,0.74,3,94.6,46.1,44.3,49.4,45.1,34.0,30.7,53.8,51.1,-0.58,0.47,0.49,0.54,0.44,0.34,47.1,56.2,9.1,Increasing,100.0,57.8,CRITICAL,1
VIC-141,50+,Prefer not to say,Land/Property Grab,253,Court/Trial,4,1.0,1,52.0,51.0,48.4,58.4,54.6,46.1,43.8,36.2,51.0,-0.53,0.58,0.55,0.49,0.33,0.49,40.1,51.6,11.5,Rapidly Increasing,76.2,48.7,MODERATE,1
VIC-142,50+,Male,Domestic Violence,142,Rehabilitation,5,0.96,1,42.6,4.0,12.8,13.0,10.4,68.8,75.3,24.2,18.8,-0.05,0.14,0.11,0.11,0.05,0.26,15.8,19.4,3.6,Increasing,63.0,23.3,LOW,0
VIC-143,18-25,Female,Land/Property Grab,156,Investigation,8,1.0,0,25.7,36.6,48.8,46.8,44.4,36.8,43.1,45.4,46.1,-0.43,0.43,0.5,0.44,0.28,-0.23,39.0,46.4,7.4,Increasing,55.0,38.5,MODERATE,0
VIC-144,36-50,Female,Sexual Violence,169,Compensation,4,1.0,1,41.7,19.3,27.3,8.6,9.7,80.7,81.8,10.2,17.5,-0.06,0.05,0.12,0.2,0.1,0.02,11.6,18.6,7.0,Increasing,64.6,22.9,LOW,0
VIC-145,36-50,Female,Land/Property Grab,43,Court/Trial,4,0.35,1,41.6,43.3,39.0,40.1,31.5,61.0,46.0,25.2,26.6,-0.47,0.35,0.3,0.31,0.31,0.42,29.7,37.5,7.8,Increasing,46.7,34.1,MODERATE,0
VIC-146,18-25,Male,Sexual Violence,314,Protection,7,1.0,0,28.0,52.5,49.5,44.9,61.7,42.9,40.0,44.9,48.5,-0.59,0.55,0.6,0.55,0.48,-0.23,54.9,49.9,-5.0,Stable,57.9,42.1,MODERATE,0
VIC-147,50+,Female,SC/ST Atrocity,77,Protection,10,0.38,1,45.5,22.7,34.1,42.4,34.8,63.9,55.0,39.5,35.9,-0.27,0.25,0.25,0.28,0.28,-0.49,30.5,36.9,6.4,Increasing,45.4,32.2,MODERATE,0
VIC-148,36-50,Non-binary/Other,Sexual Violence,256,Investigation,1,1.0,3,84.2,14.5,14.3,23.7,27.4,73.9,65.4,19.3,12.2,-0.27,0.26,0.24,0.14,0.12,-0.47,10.0,27.9,17.9,Rapidly Increasing,100.0,40.3,CRITICAL,0
VIC-149,50+,Non-binary/Other,Sexual Violence,217,Protection,6,1.0,2,79.0,79.8,79.4,67.6,77.3,23.2,19.7,66.8,77.8,-0.72,0.69,0.62,0.68,0.62,-0.03,56.7,75.6,18.9,Rapidly Increasing,100.0,68.5,CRITICAL,1
VIC-150,36-50,Male,Sexual Violence,123,Investigation,5,0.65,2,70.0,22.8,35.8,22.9,26.7,63.0,57.3,13.6,26.3,-0.18,0.27,0.23,0.16,0.13,0.03,29.5,32.5,3.0,Stable,74.3,36.2,CRITICAL,0
VIC-151,50+,Female,Domestic Violence,112,Court/Trial,5,0.64,1,51.1,68.7,61.0,57.5,67.4,34.9,26.7,61.8,53.1,-0.54,0.53,0.55,0.61,0.46,-0.01,66.6,62.1,-4.5,Stable,66.6,51.2,HIGH,0
VIC-152,18-25,Male,Land/Property Grab,334,Protection,6,1.0,0,25.5,34.9,28.5,32.6,37.2,37.8,46.7,46.2,31.4,-0.29,0.42,0.33,0.39,0.3,-0.12,20.5,39.0,18.5,Rapidly Increasing,53.3,35.1,MODERATE,0
VIC-153,36-50,Male,SC/ST Atrocity,162,Investigation,4,0.94,1,45.8,44.6,44.9,51.2,39.3,55.8,43.1,50.2,37.4,-0.29,0.53,0.34,0.36,0.49,-0.48,29.9,45.7,15.8,Rapidly Increasing,73.2,43.8,MODERATE,0
VIC-154,26-35,Female,Sexual Violence,202,Investigation,10,1.0,1,50.2,46.0,73.1,64.8,64.8,17.2,32.1,55.3,55.9,-0.55,0.61,0.51,0.59,0.54,0.16,46.9,64.2,17.3,Rapidly Increasing,80.6,55.4,HIGH,1
VIC-155,36-50,Male,Witness Intimidation,271,Investigation,11,1.0,1,41.7,49.6,44.9,47.7,50.5,53.3,54.5,38.9,40.7,-0.5,0.46,0.51,0.44,0.37,-0.49,29.4,45.8,16.4,Rapidly Increasing,75.0,44.0,MODERATE,0
VIC-156,18-25,Female,Land/Property Grab,86,Protection,1,0.61,4,100.0,34.4,40.5,34.0,28.7,71.5,55.7,17.5,34.2,-0.13,0.37,0.25,0.3,0.23,0.35,10.9,38.9,28.0,Rapidly Increasing,100.0,49.9,CRITICAL,1
VIC-157,18-25,Female,Domestic Violence,178,Court/Trial,5,1.0,2,80.2,47.5,62.3,53.3,54.0,23.9,30.9,52.2,60.7,-0.46,0.57,0.52,0.58,0.41,0.23,36.1,61.3,25.2,Rapidly Increasing,99.0,60.9,CRITICAL,1
VIC-158,26-35,Female,Witness Intimidation,257,Rehabilitation,12,1.0,4,100.0,70.1,78.4,74.2,80.2,28.1,21.6,77.2,68.6,-0.68,0.81,0.68,0.56,0.64,0.37,45.4,77.8,32.4,Rapidly Increasing,100.0,75.4,CRITICAL,1
VIC-159,26-35,Non-binary/Other,Land/Property Grab,362,Rehabilitation,11,1.0,4,100.0,35.0,30.6,35.1,33.0,50.2,66.3,39.1,30.8,-0.4,0.39,0.29,0.26,0.25,0.25,13.5,42.9,29.4,Rapidly Increasing,100.0,52.0,CRITICAL,1
VIC-160,36-50,Male,Sexual Violence,35,Compensation,8,0.16,1,45.7,35.4,33.4,39.0,45.8,48.7,57.4,36.5,29.9,-0.35,0.43,0.3,0.34,0.34,-0.41,15.3,40.8,25.5,Rapidly Increasing,39.7,38.1,MODERATE,0
VIC-161,36-50,Male,Witness Intimidation,196,Compensation,0,1.0,3,100.0,46.7,60.6,56.4,58.8,32.7,34.6,40.8,54.6,-0.64,0.52,0.54,0.54,0.46,-0.39,43.3,61.2,17.9,Rapidly Increasing,100.0,62.6,CRITICAL,1
VIC-162,26-35,Prefer not to say,Domestic Violence,64,Protection,4,0.44,3,99.9,84.0,75.0,76.6,85.2,17.8,2.6,71.1,83.7,-0.64,0.81,0.81,0.7,0.69,-0.37,89.0,82.4,-6.6,Improving,100.0,74.8,CRITICAL,1
VIC-163,50+,Female,Land/Property Grab,293,Investigation,6,1.0,3,98.0,53.0,66.5,47.9,58.2,39.8,26.0,50.0,55.5,-0.4,0.57,0.51,0.6,0.55,-0.23,60.8,61.5,0.7,Stable,100.0,60.7,CRITICAL,1
VIC-164,36-50,Non-binary/Other,Witness Intimidation,80,Court/Trial,6,0.53,1,49.7,39.5,50.0,42.6,37.5,54.5,49.8,32.1,33.1,-0.3,0.45,0.47,0.29,0.39,-0.32,55.7,42.6,-13.1,Improving,54.9,39.3,MODERATE,0
VIC-165,36-50,Female,Sexual Violence,255,Rehabilitation,9,1.0,3,86.8,6.2,14.8,17.2,2.2,90.1,89.7,8.8,0.0,-0.12,0.1,0.0,0.11,0.0,-0.25,10.0,17.3,7.3,Increasing,100.0,31.4,CRITICAL,0
VIC-166,18-25,Non-binary/Other,Domestic Violence,26,Rehabilitation,5,0.29,2,68.3,65.3,65.5,68.6,65.2,32.1,24.4,63.2,62.9,-0.62,0.64,0.66,0.51,0.59,-0.19,72.7,66.7,-6.0,Improving,71.7,57.2,CRITICAL,1
VIC-167,18-25,Female,Sexual Violence,327,Court/Trial,12,1.0,3,99.6,53.2,67.0,68.9,62.1,28.6,30.0,52.4,65.6,-0.69,0.64,0.71,0.49,0.63,-0.38,66.9,67.7,0.8,Stable,100.0,66.0,CRITICAL,1
VIC-168,18-25,Prefer not to say,Sexual Violence,145,Rehabilitation,2,0.75,0,18.0,7.1,19.7,31.5,9.9,80.2,72.8,26.3,20.5,-0.04,0.15,0.24,0.18,0.07,0.03,25.3,19.7,-5.6,Improving,36.4,18.3,LOW,0
VIC-169,26-35,Female,Land/Property Grab,222,Court/Trial,8,1.0,1,43.1,49.0,52.1,55.1,57.3,23.7,34.9,56.7,66.7,-0.45,0.7,0.47,0.57,0.49,0.11,69.6,57.6,-12.0,Improving,80.0,50.1,HIGH,0
VIC-170,26-35,Female,Sexual Violence,68,Protection,6,0.35,0,22.3,27.2,41.8,48.1,41.4,48.8,48.6,34.0,41.9,-0.42,0.33,0.31,0.46,0.4,0.13,37.9,40.4,2.5,Stable,27.7,29.9,LOW,0
VIC-171,26-35,Male,Witness Intimidation,115,Investigation,8,0.79,2,81.5,67.1,63.1,72.7,57.4,29.9,14.6,66.5,53.0,-0.74,0.59,0.57,0.5,0.61,-0.09,75.0,67.9,-7.1,Improving,93.6,61.4,CRITICAL,1
VIC-172,50+,Prefer not to say,Witness Intimidation,18,Compensation,6,0.2,2,73.3,54.8,57.3,60.7,56.6,40.7,26.6,62.0,44.0,-0.41,0.51,0.44,0.54,0.44,0.16,44.6,60.0,15.4,Rapidly Increasing,66.3,53.7,CRITICAL,1
VIC-173,50+,Male,Land/Property Grab,79,Court/Trial,11,0.46,1,51.7,50.9,64.2,43.8,56.7,47.7,42.8,55.4,47.6,-0.35,0.54,0.51,0.4,0.34,0.04,51.1,53.6,2.5,Stable,56.1,46.2,MODERATE,0
VIC-174,18-25,Non-binary/Other,Domestic Violence,118,Compensation,6,0.83,1,56.4,53.3,58.1,68.9,62.2,14.4,26.2,63.9,54.5,-0.55,0.77,0.64,0.63,0.47,-0.25,66.6,65.0,-1.6,Stable,75.6,56.8,HIGH,1
VIC-175,26-35,Prefer not to say,Sexual Violence,75,Compensation,10,0.51,1,42.4,56.3,66.5,52.0,56.2,36.4,28.9,55.5,55.3,-0.56,0.54,0.53,0.41,0.43,0.24,39.7,57.5,17.8,Rapidly Increasing,59.5,49.0,MODERATE,1
VIC-176,50+,Non-binary/Other,Sexual Violence,357,Court/Trial,11,1.0,1,43.6,37.5,48.0,40.8,33.1,52.5,40.7,33.4,45.2,-0.24,0.35,0.43,0.39,0.39,0.35,52.1,42.1,-10.0,Improving,73.6,39.0,MODERATE,0
VIC-177,18-25,Prefer not to say,Land/Property Grab,28,Court/Trial,8,0.13,0,21.0,27.9,32.3,19.6,25.3,71.4,64.4,35.8,18.6,-0.22,0.19,0.23,0.15,0.18,0.48,42.9,27.1,-15.8,Improving,14.3,20.3,LOW,0
VIC-178,26-35,Male,Witness Intimidation,101,Court/Trial,9,0.75,0,30.2,79.2,77.4,71.1,70.3,11.4,16.6,56.6,66.4,-0.82,0.67,0.77,0.62,0.6,-0.45,63.2,70.2,7.0,Increasing,54.4,54.3,HIGH,0
VIC-179,36-50,Female,Land/Property Grab,144,Compensation,9,0.86,0,25.5,79.7,77.1,84.3,89.3,10.0,5.0,86.1,78.3,-0.82,0.9,0.78,0.73,0.71,-0.36,73.4,78.9,5.5,Increasing,61.9,60.1,HIGH,1
VIC-180,26-35,Male,SC/ST Atrocity,339,Rehabilitation,4,1.0,2,68.3,48.6,60.6,45.6,50.3,42.6,38.7,51.6,52.2,-0.59,0.49,0.59,0.4,0.37,-0.34,52.5,54.6,2.1,Stable,98.6,53.8,CRITICAL,0
VIC-181,18-25,Male,SC/ST Atrocity,142,Court/Trial,2,0.84,0,20.3,59.9,54.4,60.4,55.9,47.1,47.6,41.0,50.6,-0.47,0.51,0.43,0.44,0.36,0.27,48.9,50.8,1.9,Stable,50.7,38.9,MODERATE,0
VIC-182,36-50,Male,Sexual Violence,315,Protection,9,1.0,3,98.4,50.0,50.6,63.3,71.9,31.9,32.8,61.8,53.7,-0.47,0.66,0.68,0.57,0.58,0.16,40.4,65.2,24.8,Rapidly Increasing,100.0,67.7,CRITICAL,1
VIC-183,18-25,Prefer not to say,Land/Property Grab,199,Protection,0,1.0,2,65.5,42.3,32.7,39.9,29.5,64.4,65.7,39.8,32.2,-0.3,0.28,0.36,0.37,0.19,0.04,32.8,38.7,5.9,Increasing,90.8,41.6,CRITICAL,0
VIC-184,36-50,Male,SC/ST Atrocity,305,Investigation,8,1.0,2,61.7,43.3,46.5,37.2,38.8,39.6,51.4,33.3,46.4,-0.39,0.39,0.35,0.41,0.4,0.28,33.5,46.0,12.5,Rapidly Increasing,93.9,46.4,CRITICAL,1
VIC-185,50+,Male,Sexual Violence,294,Rehabilitation,7,1.0,1,40.1,32.2,43.3,44.1,44.9,55.8,57.2,34.8,39.7,-0.43,0.32,0.34,0.3,0.33,0.21,41.5,41.3,-0.2,Stable,72.6,36.9,MODERATE,0
VIC-186,26-35,Prefer not to say,SC/ST Atrocity,84,Investigation,7,0.64,0,11.3,6.9,11.8,8.3,8.0,68.3,82.5,20.7,16.7,-0.06,0.19,0.25,0.22,0.17,-0.3,12.9,14.6,1.7,Stable,31.3,15.4,LOW,0
VIC-187,36-50,Male,SC/ST Atrocity,271,Rehabilitation,8,1.0,3,100.0,72.1,68.3,75.7,82.9,7.9,12.1,65.2,72.7,-0.71,0.67,0.6,0.69,0.7,0.23,67.2,79.6,12.4,Rapidly Increasing,100.0,72.0,CRITICAL,1
VIC-188,36-50,Non-binary/Other,Sexual Violence,320,Court/Trial,3,1.0,3,90.2,19.4,25.5,33.8,34.1,56.5,53.8,22.2,31.4,-0.35,0.34,0.37,0.24,0.26,-0.02,24.4,37.6,13.2,Rapidly Increasing,100.0,47.3,CRITICAL,1
VIC-189,26-35,Non-binary/Other,Witness Intimidation,310,Protection,0,1.0,3,100.0,70.3,84.9,70.7,83.6,19.8,8.7,69.6,75.9,-0.69,0.75,0.71,0.69,0.71,0.05,64.4,80.3,15.9,Rapidly Increasing,100.0,74.8,CRITICAL,1
VIC-190,26-35,Prefer not to say,Sexual Violence,121,Compensation,9,0.65,1,52.7,50.4,58.7,48.5,42.7,47.4,48.8,38.5,40.0,-0.51,0.51,0.39,0.35,0.49,0.16,50.3,49.1,-1.2,Stable,62.2,43.5,MODERATE,0
VIC-191,18-25,Female,Witness Intimidation,327,Compensation,5,1.0,1,47.5,37.0,37.8,28.4,37.3,71.8,58.0,20.1,27.6,-0.36,0.34,0.26,0.25,0.23,0.19,20.3,33.7,13.4,Rapidly Increasing,69.2,35.0,MODERATE,0
VIC-192,26-35,Prefer not to say,SC/ST Atrocity,245,Rehabilitation,5,1.0,3,98.4,69.6,83.5,77.1,85.8,2.5,7.4,70.2,78.4,-0.75,0.81,0.79,0.69,0.74,0.35,69.2,84.0,14.8,Rapidly Increasing,100.0,77.2,CRITICAL,1
VIC-193,36-50,Prefer not to say,Domestic Violence,77,Rehabilitation,9,0.53,0,20.8,35.6,39.4,33.2,38.1,50.6,65.0,36.0,28.7,-0.41,0.29,0.22,0.35,0.28,-0.18,28.9,36.4,7.5,Increasing,31.5,27.2,LOW,0
VIC-194,50+,Non-binary/Other,Sexual Violence,300,Rehabilitation,0,1.0,0,21.2,26.1,47.1,38.6,41.5,49.5,47.8,33.6,37.9,-0.21,0.34,0.27,0.27,0.4,-0.3,53.1,39.2,-13.9,Improving,53.0,31.1,MODERATE,0
VIC-195,26-35,Non-binary/Other,Sexual Violence,354,Compensation,8,1.0,2,67.4,32.6,21.1,18.8,25.5,57.0,60.5,30.5,18.4,-0.14,0.24,0.29,0.12,0.12,-0.18,10.0,32.2,22.2,Rapidly Increasing,87.6,39.3,CRITICAL,0
VIC-196,36-50,Non-binary/Other,Land/Property Grab,148,Protection,7,0.96,2,84.7,74.7,73.2,71.4,67.6,26.2,8.2,61.9,65.2,-0.62,0.79,0.64,0.64,0.54,-0.03,83.5,72.9,-10.6,Improving,100.0,67.2,CRITICAL,1
VIC-197,18-25,Female,Witness Intimidation,52,Rehabilitation,1,0.27,1,34.2,28.2,35.3,20.9,19.5,58.9,68.0,15.1,30.0,-0.34,0.28,0.3,0.18,0.2,0.04,40.8,28.4,-12.4,Improving,39.0,26.0,LOW,0
VIC-198,36-50,Prefer not to say,Domestic Violence,100,Rehabilitation,9,0.63,1,42.8,32.4,32.3,31.3,32.6,54.5,57.1,30.0,34.3,-0.27,0.27,0.23,0.23,0.15,0.35,39.2,35.6,-3.6,Stable,55.2,31.5,MODERATE,0
VIC-199,36-50,Non-binary/Other,Witness Intimidation,14,Rehabilitation,11,0.25,2,73.7,32.2,22.4,32.9,29.9,48.6,46.1,29.6,30.4,-0.27,0.32,0.25,0.35,0.26,-0.24,25.4,38.3,12.9,Rapidly Increasing,61.3,40.2,CRITICAL,0
VIC-200,50+,Male,Land/Property Grab,365,Rehabilitation,10,1.0,1,38.7,16.0,10.2,8.1,5.6,65.0,68.0,14.0,12.5,-0.03,0.14,0.1,0.06,0.21,0.47,10.0,17.9,7.9,Increasing,64.7,22.9,LOW,0
